id,height
abadfe01,73
abreujo02,75
aceveal01,74
achteaj01,77
ackledu01,73
acunaro01,72
adamecr01,72
adamewi01,72
adamja01,76
adamsau01,71
adamsau02,75
adamsch01,73
adamsda02,74
adamsla01,76
adamsma01,75
adamsry01,71
adcocna01,76
adducji02,74
adenhni01,75
adlemti01,77
adriaeh01,73
aguilje01,75
ahmedni01,74
alberan01,73
alberha01,71
albieoz01,68
albural01,72
alcanar01,70
alcanra01,76
alcansa01,76
alcanvi01,74
alexasc02,74
alfarjo01,74
alforan01,73
allarko01,73
allenbr01,74
allenco01,73
allengr01,72
almonab01,69
almonmi01,73
almonye01,77
almonzo01,72
almoral01,74
alonsyo01,73
altavda01,71
altheaa01,77
altuvjo01,66
alvarda01,73
alvarda02,74
alvarhe01,72
alvarjo02,71
alvarjo03,74
alvarpe01,75
alvarrj01,74
amarial01,66
ambrihe01,74
amesst01,73
anderbr04,76
anderbr05,73
anderbr06,75
anderch01,73
anderco01,76
anderdr02,75
anderju01,75
anderla03,76
anderta01,74
anderti01,73
anderty01,75
andrejo03,73
andrima01,74
andruel01,72
andujmi01,72
anglema01,69
annade01,71
antoldu01,74
antonma01,73
aokino01,69
aquinar01,76
aquinja01,73
aranovi01,74
araujel01,79
araujpe01,75
archech01,74
arciafr01,71
arciaor01,72
arciaos01,72
arenano01,74
arencjp01,73
armstsh01,74
arojo01,72
arredjo01,72
arrieja01,76
arroych01,73
arrueba01,73
ascheco01,73
asheral01,76
ashlene01,73
astinba01,73
astudwi01,69
asuajca01,69
atilalu01,74
atkinmi01,76
aubremi01,72
augenbr01,78
aumonph01,79
austity01,74
aveliab01,71
averyxa01,72
avilaal01,71
avilalu01,74
avilemi01,70
axelrdy01,70
axforjo01,77
badenbu01,77
baderha01,72
baezja01,72
baezpe01,72
baezsa01,74
bailean01,75
baislje01,75
bakerjo01,73
balesco01,76
bandaan01,74
bandyje01,76
bankswe01,76
bantzbr01,73
banuema01,70
barbajo01,73
bardda01,76
bardlu01,75
barlosc01,75
barneau01,70
barnebr02,74
barneda01,70
barneda02,73
barneja01,74
barnema01,76
barnesc01,76
barneto01,73
barnhtu01,71
baronst01,72
barraky01,75
barreaa01,75
barrefr02,70
barreja01,74
barrija01,73
barriyh01,70
barthji01,77
bartobr01,75
bashlty01,72
bassan01,74
bassbr01,74
bassich01,77
bastaan01,71
batesaa01,76
bauerja01,73
bauertr01,73
baumabu01,71
bautige01,75
bautira01,74
baxtemi01,72
beachbr01,74
beatope01,78
beavabl01,79
beckch01,76
beckch02,75
beckhgo01,72
beckhti01,73
bedroca01,73
beedety01,75
beeksja02,71
beeleda01,77
belfimi01,75
belisro01,75
belivje01,73
bellaan01,73
bellch02,75
bellico01,76
belljo01,75
belljo02,76
belltr01,74
belnovi01,71
belowdu01,75
beltbr01,76
beltren01,74
beninan01,70
bensojo01,73
beresja01,73
bergebr02,74
bergju01,75
bergmch01,73
berkeja01,72
bernaro01,74
bernido01,73
berrijo01,72
berryqu01,73
bertijo01,70
betande01,80
bethach01,74
bettich01,72
bettsmo01,69
biagijo01,77
biancje01,71
bibenau01,73
biddlje01,77
biebesh01,75
bierdra01,76
billibr02,72
birdgr01,76
bixlebr01,73
blachty01,73
blackch02,75
blackpa01,73
blackra01,77
blackvi01,76
blairaa01,76
blairca01,74
blancgr01,70
blandal01,72
blankky01,78
blashja01,77
blazemi01,72
bleicje01,74
bleieri01,75
bochybr02,74
bococbr01,71
boescbr01,76
bogaexa01,73
boggsbr01,72
boggsmi01,76
bogusbr01,75
bolsimi01,73
bonifjo01,73
bonilli01,72
bonined01,77
borboju01,72
bormajo01,72
borucry01,76
boscajc01,74
boscawi01,74
boshebu01,75
bostich01,70
boteda01,73
bourgja01,69
bourjpe01,73
bourju01,76
bowdemi01,75
bowerce01,74
bowkejo01,73
bowmama01,72
boxbebr01,74
boydma01,75
brachbr01,78
brachsi01,70
braddza01,74
bradfch02,73
bradlar01,76
bradlja02,70
bradlje01,75
bradymi01,72
brantmi02,74
brantro01,73
brasiry01,72
braulst01,72
brebbjo01,73
bregmal01,72
brentbr01,72
brettry01,69
brewech01,75
breweco01,76
briceau01,76
bricejo01,73
bridwpa01,76
brighja01,75
brighje01,72
brignre01,74
brinsle01,75
britoso01,74
brittdr01,74
brittza01,75
broadmi01,77
brodebr01,78
brookaa01,76
brothre01,72
brownan02,72
brownbr02,75
brownco01,73
browndo01,77
browndu01,72
brownga02,73
browntr01,74
broxtke01,75
bruceja01,75
brugmja01,72
bryankr01,77
buchada01,75
buchaja01,72
buchtry01,76
buehlwa01,74
buenofr01,71
bumgama01,76
bummeaa01,75
bundydy01,73
burawda01,75
burdini01,75
burgoen02,76
burgohi01,71
burkegr01,76
burneal01,72
burneco01,75
burnsan01,74
burnsbi02,69
burnsco01,73
burriem01,72
burrry01,76
buschma01,75
busenal01,73
bushma01,69
bussni01,74
buterdr01,73
butleda01,70
butleed01,74
butlejo03,77
butlejo04,74
butleke01,72
buttrty01,78
buxtoby01,74
cabrace01,75
cabreal03,76
cabreed01,72
cabreev01,70
cabrema01,75
cabrera01,68
cahiltr01,76
cainlo01,74
calhoko01,70
calhowi01,68
calixor01,72
callaja01,74
camarjo01,72
caminar01,76
campato01,68
campber01,75
campovi01,75
campole01,74
candeje01,73
canhama01,74
canizba01,75
canzlru01,74
cappsca01,77
carasma01,75
caratvi01,73
cardust01,72
carides01,70
carigan01,71
carlesh01,76
carlilu01,70
carlsje01,72
carpean01,75
carpech02,76
carpeda01,75
carpeda02,75
carpema01,75
carpery01,77
carpmi01,72
carraca01,76
carreez01,71
carrice01,75
carroco01,77
carrosc02,76
carsoma01,74
carsoro01,76
cartech01,72
cartech02,76
casalcu01,75
cashnan01,78
casteal01,72
casteni01,76
castial02,74
castidi01,75
castifa01,73
castijo03,77
castile01,73
castilu02,74
castiru02,69
castiwe01,70
castiwi01,72
castran01,71
castrda01,71
castrha01,72
castrja01,75
castrmi01,79
castrsi01,77
castrst01,74
caveja01,72
cecchga01,75
cecchga02,74
cecilbr01,75
cecilda01,73
cedenxa01,71
centeju01,69
cervefr01,73
cervehu01,73
cervemi01,71
cespeyo01,70
cessalu01,72
chacial01,72
chacijh01,75
chafian01,74
chambad01,70
chapmar01,76
chapmja02,72
chapmke02,75
chapmma01,72
chargjt01,75
chatwty01,72
chaveje01,74
chenwe02,72
chiriro01,73
chiriyo01,74
chiselo01,74
choicmi01,72
choiji01,73
chrisju01,73
chrisni01,72
cimbead01,76
cingrto01,76
ciriape01,72
cishest01,78
cisnejo01,75
ciuffni01,72
claggan01,75
claibpr01,74
clarkma02,77
clarkza01,72
claudal01,75
clemepa02,75
cletoma01,75
clevest01,70
clevimi01,76
cloydty01,75
coatsja01,74
cobbal01,75
coellro01,77
coghlch01,72
cokeph01,73
colabch01,76
coleaj01,77
colege01,76
colemca01,72
colemdu01,74
colemlo01,76
coleta01,73
colliti01,67
collity01,71
collmjo01,75
colomal01,73
colonch01,70
colonjo01,72
colvity01,75
concege01,74
confomi01,73
congeha01,74
conlead01,75
conlopj01,71
conrabr01,70
constjo01,69
contrca01,71
contrwi01,73
cookry01,74
cooneti01,75
coopeda01,72
coopega03,78
copelsc01,75
corbipa01,75
corcida01,71
cordefr02,75
cordeji01,76
cordery01,76
cordier01,76
cordoal01,73
cornejo01,73
corpoca01,74
correca01,76
cortene01,71
cosarja01,75
costami01,74
cothaca01,75
cottojh01,71
couloda01,70
cousisc01,73
coveydy01,73
cowarka01,75
cowgico01,69
cozarza01,72
cozendy01,78
crabbca01,67
craigal01,74
cravyty01,74
crawfbr01,74
crawfjp01,74
crichst01,75
crickky01,76
crockky01,74
croncj01,76
crosbca01,77
crottmi01,78
crowaa01,75
crowetr01,70
cruzlu01,73
cruzrh01,74
cruzto03,71
cuetojo01,71
cuevano01,74
cuevawi01,74
culbech01,72
cumptbr01,74
cunniaa01,71
cunnibr02,72
cunnito01,72
curtije01,71
curtijo02,77
curtiza01,69
cuthbch01,73
dahlda01,74
daleyma01,74
danisty01,72
danksjo02,77
dantoja01,74
darnach01,73
darnatr01,74
darnelo01,74
darviyu01,77
davidda02,76
davidma02,75
davieza02,72
davisau01,76
davisbl01,71
davisch02,75
daviser02,75
davisik02,76
davisjd01,75
davisjo05,68
daviskh01,71
davisro03,77
davista01,70
daviswa01,77
daytogr01,74
deanau01,73
deanpa02,73
deckeco01,71
deckeja01,69
dedunsa01,75
deetzde01,73
defraju01,76
degroja01,76
dejesiv02,71
dejonch01,76
dejonpa01,72
delabst01,77
delacjo01,73
delarda01,79
delareu01,69
delarru01,72
delatjo01,70
deleojo02,72
deleojo03,73
delgaje01,72
delgara01,76
delmoni01,75
delosab01,74
delosen01,75
delosfa01,74
dendema01,74
denketr01,69
denniry01,72
depaujo02,73
dermoma01,77
descada01,70
desclan01,73
deshide02,69
desmoia01,75
despaod01,72
devench02,75
deverra01,72
dewitbl01,71
diamosc01,75
diazal02,73
diazar01,72
diazda01,70
diazed04,75
diazel01,73
diazja01,72
diazjo02,69
diazju02,76
diazju03,76
diazmi02,72
diazro01,71
diazya01,74
dickeal01,75
dickech01,76
dickeco01,73
dicksbr01,77
dicksok01,71
diekmja01,76
dietrde01,72
difelma01,74
difowi01,71
dillati01,76
dirksan01,72
dixonbr01,74
dlugabr01,76
dolisra01,76
dolsifr01,72
dominch01,76
dominjo01,72
dominma01,74
dominse01,73
donaljo02,73
doolise01,74
dornda01,74
doubrfe01,74
downsda02,75
downsma01,73
doziebr01,71
doziehu01,76
drabeky01,74
drakeol01,76
drurybr01,74
dudalu01,76
duensbr01,72
duffety01,75
duffyda01,75
duffyma01,74
duffyma02,75
duggast01,74
dullry01,69
dunnija01,76
dunnmi01,72
durange01,70
duranlu01,69
duvalad01,73
dwyerch01,75
dykstal01,77
dysonja01,70
dysonsa01,73
easleed01,72
eatonad02,69
edginjo01,73
edwarca01,75
edwarjo02,77
eflinza01,78
egberja01,75
egeco01,73
eibnebr01,76
eickhje01,76
ekstrmi01,72
elbersc01,74
eliasro01,73
ellinbr02,75
ellisaj01,74
elmorja01,70
elyjo01,74
engelad01,74
ennsdi01,73
enrigba01,75
eovalna01,74
eppleco01,77
erlinro01,72
ervinph01,70
escaled01,76
escalse01,72
eschja01,75
escobal02,73
escobed01,70
escobed02,74
espinda01,72
espinge01,76
espinpa01,70
estevca01,78
estrama01,72
evansni01,74
evansph01,70
everito01,72
faluir01,69
familje01,75
fariaja01,76
farmebu01,76
farmeky01,72
farquda01,69
farrelu01,78
farrier01,69
faulkan01,75
feathta01,73
feddeer01,76
federti01,70
felicje01,70
felizmi01,76
felizne01,75
ferguca01,75
fernajo02,75
fernajo03,70
fernajo04,75
ferreje01,76
festama01,74
fickch01,77
fieldda01,74
fieldjo03,72
fieldjo04,70
fieldth01,70
fienca01,74
fiersmi01,74
fifest01,75
figaral01,72
figueco01,70
figuepe01,72
fillmhe01,73
finnebr01,71
fisheca01,76
fishede01,75
fistedo01,80
flaheja01,76
flahery01,75
flandyo01,74
fletcda02,69
flexech01,75
floreke01,74
florera02,70
florewi01,75
floripe01,74
florody01,74
flowety01,76
flynnbr01,79
foltymi01,76
fontano01,71
fontwi01,76
fordda03,69
fornaer01,74
forsylo01,73
fowlede01,77
fowledu01,72
francju02,74
francma02,73
frankni01,73
frankse01,77
frareca01,73
fraziad01,70
frazicl01,73
frazito01,75
freelky01,76
freemfr01,77
freemmi01,72
freemsa01,71
freesda01,74
freimna01,80
freitda01,75
frenclu01,76
friasca01,76
friedch01,76
friedma01,76
frierer01,72
fryerer01,74
fryja01,73
frypa01,72
fuentre01,72
fujikky01,72
fukudko01,72
fukumka01,72
fulmeca01,72
fulmemi01,75
furbuch01,77
gabinar01,75
gagnodr01,76
galero01,73
gallaca01,75
gallegi01,74
gallois01,74
gallojo01,77
galvifr01,70
gamboed01,73
gamelbe01,71
gamelma01,73
gantjo01,75
garatvi01,73
garcefr01,71
garciad01,69
garciad02,73
garciar01,74
garciav01,76
garcich02,77
garcigr01,72
garcija02,74
garcija03,72
garcija04,75
garcile02,68
garcilu03,74
garcion01,75
garciwi01,74
garciyi01,72
gardeni01,73
gardnbr01,71
garneco01,74
garnedu01,74
garnepe01,75
garream01,77
garrist01,73
gartory01,70
garvemi01,73
gastjo01,74
gattiev01,76
gausmke01,75
gavigsa01,74
gearrco01,73
geedi01,73
geerjo01,75
geltzst01,70
gennesc01,70
gentrcr01,74
gerbemi01,72
germado01,74
germego01,73
gervasa01,72
getzch01,72
giavojo01,68
gibsoky01,78
gileske01,75
gillaco01,73
gilleco01,74
gilmase01,74
gimench01,74
gindlca01,67
giolilu01,78
girodch01,73
givenmy01,72
glasnty01,80
glennbr01,74
gloveko01,77
godleza01,75
goebbja01,72
goedder01,75
goeddty01,76
goforda01,71
goharlu01,75
goinsry01,70
goldbbr01,76
goldspa01,75
golsogr01,72
gombeau01,77
gomesbr01,71
gomesya01,74
gomezhe01,74
gomezje01,75
gomezma01,74
gomezmi01,69
gomezro01,78
gonsast01,77
gonzaal04,72
gonzaca01,73
gonzach01,75
gonzaed02,72
gonzaer01,75
gonzagi01,72
gonzama01,73
gonzama02,73
gonzame01,72
gonzami03,73
gonzami04,71
gonzami05,75
gonzase01,74
goodrni01,75
goodwbr01,72
goodyni01,71
gordobr01,72
gordode01,71
gorecre01,73
gorete01,67
gosean01,73
gosewtu01,71
gosseda01,72
gosseph01,73
gotttr01,72
gourryu01,72
gracema02,76
grahajr01,71
grandya01,73
graniza01,73
grateju01,73
gravebr01,73
graveke01,74
grayje02,74
grayjo02,76
grayso01,70
greench03,75
greengr01,75
greenni02,73
greensh02,76
greenta01,72
greenty02,74
gregelu01,75
gregodi01,75
greingr01,78
grichra01,74
griffaj01,77
grimmju01,75
grossro01,72
grubeja01,76
gsellro01,76
guaipma01,76
guduare01,76
guerral01,73
guerrde01,77
guerrga01,75
guerrja01,73
guerrja02,71
guerrju02,72
guerrta01,80
guerrta02,74
guevaca01,71
guilllu01,70
guilmpr01,74
gurkaja01,72
gurrilo01,75
gustaja01,74
guyerbr01,74
guzmaje01,73
guzmaro01,77
gyorkje01,70
haaseer01,70
hackeer01,73
haderjo01,75
hagadni01,77
hagenbr01,75
haguema01,75
hahnje01,76
haleda02,74
haleyju01,77
hallco01,76
hallma02,72
haltose01,76
hambuma01,76
hamilbi02,72
hamilia01,72
hampsga01,71
hamreer01,73
hancoju01,76
handbr01,75
handdo01,75
hanhoer01,77
hanigmi01,74
hanneja01,73
hansoal01,72
hansoto01,78
happia01,72
hardybl01,74
harmabr01,73
harpebr03,75
harrelu01,74
harrijo05,68
harrima01,76
harrimi03,76
harriwi10,76
hartdo01,71
harvema01,76
hassaal01,75
hatchch02,73
hathast01,73
hatlema01,77
hauscmi01,75
hawksbl01,75
hayesbr01,73
hayesdr01,73
hayhudi01,75
haysau01,73
hazelje01,75
healyry01,77
heanean01,74
heathde01,76
heathsl01,73
hechaad01,72
hedgeau01,73
hefneje01,76
heisech01,73
hellebe01,75
hellije01,73
hellwjo01,79
hembrhe01,76
hendeji01,77
hendrky01,75
hendrli01,72
heredgu01,70
hermomi01,72
hernaar01,76
hernace02,70
hernada01,75
hernadi01,72
hernael01,72
hernaen02,71
hernafe03,71
hernago01,73
hernama02,72
hernaos01,73
hernape02,70
hernate01,74
herndda01,77
herreda01,66
herredi01,70
herreel01,71
herrejo03,69
herreke01,70
herreod01,71
herrero01,71
herrero02,75
herreyo01,74
herrmch01,72
herrmfr01,76
hessda01,74
hesslke01,76
hestejo01,76
hestoch01,75
heywaja01,77
hicksaa01,73
hicksbr01,74
hicksjo02,74
hicksjo03,74
higasky01,73
hildetr01,74
hillta01,75
hillti01,74
hinckmi01,75
hinojda01,73
hinshal01,74
hiranyo01,73
hoeslj01,72
hoffmja01,75
hoffmje02,77
hoffpja01,69
hoffpmi01,75
holadbr01,72
holdejo02,74
holdzjo01,81
hollade01,74
hollagr01,70
hollama01,77
hollimi01,73
holmbda01,75
holmecl01,77
holmst01,72
holtbr01,70
holtty01,70
hoodde01,74
hoovejj01,75
horstje01,75
horwibr01,73
hoskirh01,76
hosmeer01,76
housead01,76
housetj01,73
howarsa01,75
hoyinja01,75
hoytja01,78
huch02,72
hudsoda01,75
hudsoda02,77
hudsojo03,72
hudsoky01,71
huffda01,73
huffmch01,73
hughedu01,70
hugheja02,79
hughelu01,71
hulettu01,70
hundlni01,72
huntece01,71
hunteto02,75
hurleer01,76
hurshja01,74
hutchdr01,75
hwangja01,72
hynesco01,71
ibarred01,72
igarary01,71
iglesjo01,71
iglesra01,74
inciaen01,71
infangr01,73
iribahe01,73
irwinph01,75
iwakuhi01,75
jacksau01,73
jacksbr01,74
jacksja01,73
jackslu01,74
jacksry02,74
jacksst01,77
jaimeju01,74
jakubch01,74
jamesjo02,75
janispa01,74
jankojo01,73
jankotr01,74
janseda01,74
janseke01,77
jaramja01,72
jasojo01,74
jayemy01,75
jayjo02,71
jeffrje01,72
jenkich01,76
jenkity01,76
jennida01,75
jennide01,74
jenseky01,75
jepseke01,75
jerezwi01,76
jewelja01,75
jimenaj01,72
jimenjo02,75
jimenlu01,75
jimenlu02,73
joaquwa01,75
johnsbr02,76
johnsch05,75
johnsdj01,76
johnsel02,73
johnser04,75
johnskr01,76
johnsmi04,72
johnspi01,74
johnssh01,70
johnsst02,73
jokiser01,74
joneshu01,76
jonesja06,76
jonesja07,74
jonesna01,77
jonesry01,74
jordata01,77
jorgefe01,74
josepca01,75
josepco01,72
josepdo01,75
josepto01,73
joycema01,74
judgeaa01,79
judyjo01,76
jungmta01,78
junisja01,74
juradar01,73
kaaihki01,76
kaczmke01,72
kahnlto01,73
kalisry01,72
kangju01,72
karnsna01,75
kawakke01,71
kawasmu01,71
kazmase01,69
kelake01,73
kellebr01,77
kellesh01,74
kellyca01,75
kellyca02,74
kellyjo05,73
kellyry01,74
kellyty01,72
kempto01,66
kennebr02,72
keplema01,76
kershcl01,76
keuchda01,75
kickhmi01,76
kiebosp01,72
kiekhde01,72
kiermke01,73
kiescro01,75
kilbybr01,73
kimbaco01,75
kimbrcr01,72
kimhy01,74
kineris01,70
kingesc01,70
kinghni01,77
kinlety01,76
kintzbr01,72
kipnija01,71
kirkmmi01,76
kittran01,73
kivlepa01,74
kleinph01,79
klubeco01,76
knappan01,73
knebeco01,76
knudsgu01,73
kobayma01,72
koberje01,74
kochma01,75
koehlto01,75
kohnmi01,74
kolarad01,75
komater01,70
kontoge01,75
kopecmi01,75
korecbo01,71
kottage01,72
kozmape01,72
krameke01,72
kratzer01,76
krausma01,74
krehbjo01,74
kroenza01,74
krolia01,73
kubitky01,75
kuhlch01,75
kunzed01,78
kurodhi01,73
labouja01,77
ladenty01,71
lafrobo01,76
lagarju01,73
lahaibr01,77
lairdbr01,73
lakeju01,74
lallibl01,73
lamarry01,73
lambech01,73
lambja01,75
lambjo02,76
lamboan01,75
lametdi01,76
laporma01,74
larisje01,74
lasteto01,71
latosma01,78
lauerer01,75
laurera01,71
lavarry01,76
lawde01,75
lawreca01,74
lawribr01,72
layneto01,74
lazora01,69
leachbr01,77
leakemi01,70
leathja01,71
leblawa01,75
leclejo01,72
lecursa01,72
leebr01,70
leech01,71
leeda02,76
leesmch01,76
leeza01,76
leitema02,72
lemahdj01,76
leonar01,73
leonar02,75
leonedo01,71
leonsa01,70
lerouch01,78
lerudst01,73
lewicar01,75
lewisro01,77
lewissc02,72
liberad01,75
liddial01,76
lightpa01,77
lillibr01,71
limch01,71
lincobr01,72
lindbjo01,76
lindgja01,71
lindofr01,71
lindsjo01,74
lindssh01,74
linkjo01,72
lintz02,69
liriary01,72
litteza01,76
livelbe01,76
lloydky01,76
loaisjo01,71
lobatjo01,73
lobstky01,75
locasti01,73
loch02,71
lockewa01,77
lockeje01,72
lolliry01,73
lombast02,72
longoev01,73
lopezar02,69
lopezjo02,75
lopezpa01,75
lopezra02,69
lopezre01,73
lopezwi01,72
lopezyo01,75
lorenmi01,75
loughda01,70
loupaa01,71
lowebr01,70
lowerde01,73
lowrije01,72
lucased01,75
lucasjo02,78
lucchjo01,77
lucrojo01,72
luebkco01,76
luekejo01,77
luetglu01,76
lugoda01,72
lugose01,76
luplojo01,73
lutzdo01,75
lutzza01,73
lylesjo01,77
lynnla01,77
lyonsty01,76
machaan02,72
machadi01,73
machama01,75
machije01,72
maclaev01,74
macrima01,74
maddoau01,74
madriwa01,73
maedake01,73
magilma01,75
magnida01,73
mahlegr01,74
mahlety01,75
mahtomi01,73
mailelu01,75
mainesc01,75
makitka01,70
maldoma01,72
malonma02,76
manaese01,77
mancitr01,76
manesse01,72
mannbr01,74
mannich01,74
manshje01,74
mantijo01,76
manuero01,75
manzeto01,74
mapledi01,74
margoma01,71
marimsu01,73
marinjh01,73
mariomi01,72
marisja01,76
marjami01,74
marksju01,75
marksma01,73
maronni01,75
marquge01,73
marquje01,74
marrech01,75
marrede01,72
marshbr01,73
marshev01,74
marsolo01,73
marteal01,71
martefr01,73
marteje01,73
marteke01,73
marteke02,69
martest01,73
martevi01,74
martica04,72
martich02,80
martico01,75
marticr01,73
martida02,74
martiet01,74
martife02,73
martijd01,76
martijd02,75
martijo07,74
martijo08,78
martiky01,79
martile01,74
martilu02,72
martimi02,69
martini01,73
martini02,71
martios01,70
martira04,75
martish01,73
masteju01,78
mastrda01,71
mateoma01,73
mathejo02,76
mathido01,75
matonph01,75
matosos01,73
matthry01,75
mattike01,73
matusbr01,77
matzety01,75
matzst01,74
maurebr01,77
maxwebr01,73
mayayu01,72
maybejo02,78
mayermi01,75
mayja02,70
maysoed01,73
maytr01,77
mayzati01,75
mazalu01,68
mazarno01,76
mazzavi01,74
mazzoco01,73
mcallza01,78
mcbrima02,74
mccanja02,75
mccarke01,75
mccleky01,74
mcclemi01,77
mccoymi01,69
mccoypa01,76
mccread01,81
mccrobo01,73
mcculla02,73
mccutan01,71
mccutda01,74
mcdonja03,77
mcfartj01,75
mcgeeja01,76
mcgehca01,73
mcgousc01,71
mcgowke01,77
mcgowky01,75
mcgraky01,74
mcguich01,73
mcguide02,78
mcguire01,72
mchugco01,74
mckenmi01,70
mckinbi01,73
mckiran01,74
mcmahry01,74
mcneije01,73
mcpheky01,76
mcraeal01,74
meadoau01,75
meansjo01,75
medicto01,74
medinyo01,75
medlekr01,70
meekev01,72
meisiry01,76
mejiaad01,75
mejiaal01,73
mejiafr01,70
mejiaje01,72
melanma01,74
mellake01,74
melviti01,76
mendero01,75
mendeyo01,77
mengdda01,73
mercejo03,75
merceme01,75
merriry01,72
merriwh01,72
mesame01,73
mesorde01,73
meyeral01,81
meyerbe02,78
mickoka01,81
middlke01,75
middlwi01,75
mijarjo01,71
mikolmi01,77
mileywa01,72
millebr02,74
milleja04,75
milleji02,73
milleju02,75
millemi01,69
millesh01,75
millsal02,76
millsbr02,72
milneho01,75
milonto01,72
minayju01,76
minormi01,76
minteaj01,72
miranar01,74
miranju01,72
mitchbr01,75
mitchdj01,72
mockga01,76
molledu01,76
mollsa01,70
monasca01,73
moncayo01,74
moncrca01,72
mondera02,73
moneljo01,73
montafr02,74
montalu01,73
monteje01,75
montera01,72
montgjo01,78
montgmi01,77
montzlu01,73
mooread01,75
moorean02,72
moorema02,75
moorety01,74
moralos01,75
moranco01,76
morelbr01,74
morelmi01,74
morendi01,73
morened01,73
morgaad01,73
morimsh01,72
morinmi01,76
morofma01,70
moronre01,71
morriaj01,74
morriak01,73
morribr01,75
morrilo01,75
mortecl01,76
mortoch02,77
moscogu01,73
moscojo01,76
mosebro01,76
moskoda01,73
motteja01,72
motteta01,73
moustmi01,72
moyaga01,72
moyast01,79
mulleco01,76
mullice01,68
mulveke01,73
muncyma01,72
munoda01,73
munozya01,73
muratto01,72
murphda08,73
murphjr01,71
murphto04,73
murraco02,72
musgrha01,73
musgrjo01,77
myerswi01,75
naquity01,74
narvaom01,71
navada01,70
navaref01,72
navarre01,70
navarya01,71
nealth01,74
nealza01,75
negrokr01,72
nelsobr02,74
nelsoch01,71
nelsoji02,78
nerishe01,74
nesbian01,73
neverdo01,75
newbeja01,74
newcose01,77
newmake01,72
ngoepgi01,68
nicasju01,76
nichobr01,74
nicolju01,75
nidoto01,72
niemaje01,81
niesejo01,75
nietoad01,70
nieuwki01,75
nifu01,72
nimmobr01,75
nishits01,73
nixja01,71
nixja02,76
noelri02,68
noesihe01,75
nolaaa01,74
nolinse01,76
noonani01,73
norbejo01,72
norribu01,72
norrida01,74
norride01,72
norwoja01,74
nottija01,74
novaiv01,77
nunezed02,72
nunezjh01,75
nunezre01,73
nunovi01,71
oakstr01,75
obergsc01,74
oberhbr01,73
obriepe01,76
ochoaiv01,69
odayda01,76
odorija01,74
odorro01,71
oeltjtr01,73
ogandal01,76
ogandne01,72
ogradch01,76
ohearry01,75
ohlmami01,77
ohse01,70
ohtansh01,76
okertst01,74
olivean01,75
olivehe01,74
olivele01,72
olmosed01,76
olsonma02,77
olsonty01,75
oltmi01,74
omallsh01,71
ondrulo01,80
oneilty01,71
orfna01,69
orlanpa01,74
orourry01,75
ortegan01,72
ortegjo01,71
ortegra01,71
ortizda02,71
ortizjo05,67
ortizlu02,75
osichjo01,75
osullse01,73
osunajo01,74
osunaro01,74
oswalco01,77
oteroda01,75
ottavad01,77
outmajo01,73
overtdi01,74
owenshe02,78
owensru01,75
owingch01,70
ozunama01,73
pachejo01,73
padiljo01,74
paganem01,75
pagnoma01,74
palkada01,74
palmema01,74
panikjo01,73
pannoth01,72
pareded01,73
pareded02,72
paredji01,75
parismi01,75
parkby01,73
parkebl01,75
parkeja02,73
parkeja03,76
parkeky01,72
parmech01,73
parmlia01,71
parnebo01,75
parrage01,71
parrian01,72
parrja01,73
parsowe01,77
partccu01,77
pastoty01,71
paterjo01,72
pattejo03,76
pattere02,75
pattesc01,79
pattoda01,75
pattosp01,73
paulida01,78
paulsbe01,76
paulxa01,72
paxtoja01,76
pazosja01,74
peacobr01,73
pederjo01,73
pegueca01,77
peguefr01,72
pelhacd01,78
penaar01,75
penafe01,74
penafr01,74
penara02,71
pennicl01,70
peralda01,73
peralfr01,71
peralwa01,72
peralwi01,73
perazjo01,72
perdolu01,72
perdolu02,74
perezau01,70
perezca02,72
perezch01,76
perezci01,71
perezeu01,72
perezfe01,73
perezhe01,73
perezju02,71
perezlu01,72
perezma02,72
perezmi03,70
perezro02,71
perezsa02,76
perezwi01,72
perezye01,71
perkica01,77
perryja01,72
perryry01,77
pestavi01,72
peterbr01,72
peterbr02,75
peterdi01,71
peterdu01,74
peterja01,72
petersh01,73
peterti01,73
petitgr01,70
petrija01,77
pettich01,72
pettijo02,77
phamth01,73
phegljo01,70
phelpco01,73
phelpda01,75
phillbr02,72
phillev01,74
phillky01,73
phillza01,73
phippde01,74
pillake01,72
pillbr01,76
pillty01,73
pimenst01,75
pinama01,72
pindebr01,76
pindech01,74
pinedmi01,79
pinoyo01,74
pintojo01,71
pintori01,72
pireljo01,72
piscost01,76
pivetni01,77
plaweke01,74
plouftr01,74
plutkad01,75
polangr01,77
polanjo01,71
polloaj01,73
pomerdr01,78
pompeda01,74
ponceda01,75
porceri01,77
poredaa01,78
poseybu01,73
poundbr01,77
povsema01,80
powelbo02,70
powella01,75
poynebo01,72
preslal01,70
pressry01,75
pricebr10,76
priceda01,77
pridija01,73
princjo01,72
profaju01,72
pruitau01,70
pryorst01,76
puellce01,74
puigya01,74
purceda01,77
purkema01,76
putkolu01,78
putnaza01,74
quackke01,76
quereju01,69
quinnro01,70
quintjo01,73
raineta01,74
raleybr01,75
ramiral03,74
ramirca01,77
ramirel02,75
ramirer02,70
ramirjc01,77
ramirjo01,69
ramirjo02,73
ramirma03,71
ramirne01,76
ramirno01,75
ramirra03,72
ramirwi01,74
ramirye01,74
ramosaj01,70
ramosce01,74
ramosed02,72
ramoswi01,73
ranauan01,79
rasmuco01,74
rasmuco02,72
rasmuro01,70
ravinjo01,76
rayro01,75
rayro02,74
reaco01,77
readra01,72
realmjt01,73
rearich01,75
reckean01,74
reddijo01,74
redmoto01,75
reedad01,76
reedaj01,76
reedch01,75
reedco01,77
reedev01,76
reedmi02,72
refsnro01,72
regisst01,73
reidfse01,75
reidry01,71
reimono01,76
reinech01,78
reinhja01,73
reiniza01,75
rendato01,68
rendoan01,73
renfrhu01,73
reverbe01,69
reyesal02,75
reyesar01,70
reyesfr01,77
reyesje01,74
reyespa01,68
reyesvi01,77
reynogr01,79
reynoma02,77
reynoma03,73
rhameja01,73
ricesc01,78
richaan01,68
richacl01,77
richadu02,78
richaga01,75
richake02,75
richatr01,74
richmsc01,77
rickajo01,73
riddljt01,73
riefecj01,72
rienzan01,74
riosya01,75
riverca02,75
riverfe01,74
rivertj01,73
riverya01,75
rizzoan01,75
roachdo01,72
roarkta01,74
roberda08,71
roberda09,71
roberda10,71
roberke02,73
robincl01,77
robinde02,71
robindr01,73
robinsh01,69
robintr01,70
robleha01,72
roblema01,70
roblevi01,72
rodgebr01,74
rodonca01,75
rodrian01,76
rodride01,73
rodried04,72
rodried05,74
rodrife02,75
rodrifr04,73
rodrigu02,73
rodrihe03,73
rodrihe04,68
rodrije01,78
rodrijo06,73
rodrijo05,72
rodrira01,73
rodriri04,74
rodriri05,76
rodriro03,72
rodrise01,72
rodrist02,75
rodriwi02,73
rodriyo01,74
roech01,77
roenijo01,75
rogeres01,75
rogerja02,73
rogerjo01,75
rogerma01,75
rogerta01,75
rohliry01,72
rojasmi02,71
rollida01,73
romakja01,75
romansa01,77
romeral01,72
romeren01,75
romerfe01,72
romerni01,73
romerri01,73
romerst01,74
rominan01,73
rominau01,73
romose01,71
rondobr01,75
rondohe01,75
rondojo01,73
rondojo02,73
rosaca01,73
rosalad01,74
rosalle01,72
rosaral01,72
rosaram01,74
rosared01,73
rosarra01,73
rosarsa02,73
rosarwi01,71
rosenbj01,75
rosentr01,74
rosinse01,78
rosscza01,74
rossjo01,76
rossro01,71
rossty01,78
rothmi01,73
rowenbe01,76
rowlech01,74
ruary01,74
rucindr01,74
rufda01,75
ruizjo01,73
ruizra01,75
ruizri01,73
rumbeni01,72
rundlri01,77
runzlda01,76
ruppca01,74
rusinch01,74
russead01,80
russead02,72
russeja02,76
russoke01,71
rutlejo01,71
ryalru01,74
ryandu01,76
ryanky01,77
ryuhy01,75
rzepcma01,74
saccoma01,75
sadleca02,75
sadowry01,76
sadzeco01,79
saladty01,72
salasfe01,74
salasma02,72
salazda01,72
salech01,78
saloman01,67
samarje01,77
sampsad01,74
sampske01,74
sanabal01,74
sanchaa01,76
sanchad01,72
sanchan03,73
sanchca01,71
sanched01,71
sanchga01,73
sanchga02,74
sanchhe01,73
sanchhu01,78
sanchto01,71
sandofr01,73
sandsje01,76
sanitam01,68
sanomi01,76
santaan02,74
santaca01,71
santada01,71
santade01,74
santado01,77
santaed01,74
santihe01,72
santolu01,72
santoom01,72
santose01,76
sappeda01,69
sardilu01,73
satinjo01,74
saundmi01,76
saupowa01,74
saverjo01,75
scahiro01,74
scalebo01,72
schafjo02,73
schaflo01,73
schebsc01,72
schepta01,76
scherma01,75
schimry01,69
schleda01,72
schlibr01,75
schlitr01,76
schlogu01,76
schoojo01,73
schugaj01,72
schulbo02,75
schulja02,70
schuspa01,74
schwaky01,72
scottro02,75
scottta01,74
scribev01,75
scribtr01,75
scrugxa01,72
seageco01,76
seageky01,72
segedro01,74
segurje01,70
selleju01,70
selskst01,72
semiema01,72
senzaan01,73
septile01,73
serraal01,73
severat01,71
severlu01,74
severpe01,73
sewalpa01,75
shackke01,77
shafeju01,74
shaffri01,75
shawbr01,73
shawch01,75
shawtr01,76
sheffju01,72
shellst01,76
sherfji01,72
sherrry01,73
shiplbr01,73
shoemma01,74
shrevch01,76
shuckja01,71
siegrke01,77
sierrma01,71
sierrmo01,73
silvawa01,73
simmoan01,74
simmosh01,71
simonal01,78
simslu01,74
singljo02,74
sippto01,72
siscoch01,74
sizemsc01,72
skaggty01,76
skipwky01,76
skogler01,79
skolema01,76
slanida01,77
slateau01,74
slegeaa01,82
smithbl01,74
smithbu03,76
smithca02,78
smithca03,74
smithch08,72
smithch09,75
smithch10,74
smithdo02,72
smithdr01,74
smithdw02,72
smithgr02,73
smithja06,76
smithjo07,74
smithke04,76
smithma05,70
smithmu01,75
smithty01,72
smithwi04,77
smoakju01,76
smokejo01,73
smolija01,71
smylydr01,75
snellbl01,76
sneltdj01,78
snidetr01,72
snodgsc01,78
snydebr02,75
snydebr03,74
sobotch01,79
socolmi01,73
sogarer01,70
solando01,70
solanjh01,69
solarya01,71
solerjo01,76
solisal01,72
solissa01,77
somsela01,72
sorokmi01,77
sosaed01,71
sosahe01,73
sotogi01,74
sotoju01,73
sotone01,73
souzast01,76
spande01,72
spangco01,72
sparkgl01,74
spearna01,71
springe01,75
sprinje01,75
spruize01,77
stallja01,76
stammcr01,76
stanery01,76
stanlco01,70
stantmi03,78
stassbr01,74
stassma01,70
stavini01,74
steckdr01,77
stephja01,74
stephro01,75
stevean01,72
steveje01,74
stewabr01,75
stewach02,72
stewadj01,72
stewako01,75
stewaza01,74
stinsjo01,76
stitema01,71
stockro01,73
stoneto01,74
storedr01,73
storemi01,73
storytr01,74
stouter01,75
strahma01,75
straida01,74
strasst01,77
stratch01,74
straury01,72
strawmy01,70
strichu01,75
stripro01,74
stromma01,67
stroppe01,73
stubbdr01,76
stumpda01,74
sturdty01,72
suareal01,75
suarean01,72
suareeu01,71
suarera01,73
sucreje01,72
suerowa01,76
surkaer01,77
susacan01,73
suterbr01,77
suttodr01,75
swansda01,73
swarzan01,76
sweenda02,73
swihabl01,73
swindrj01,75
syndeno01,78
szczuma01,72
tabatjo01,71
taijetr01,74
taillja01,77
takahhi01,70
takahke01,72
talbomi01,73
tanakke01,69
tanakma01,75
tapiara01,75
tarplst01,73
tartatr01,72
tatumcr01,73
tauchmi01,74
taveros01,74
tayloan01,74
taylobe10,75
taylobe11,71
tayloch03,73
taylogr01,75
taylomi01,77
taylomi02,76
tazawju01,71
teafoev01,72
teagata01,72
teherju01,74
tejadru01,71
tekotbl01,71
telisto01,68
tellero01,76
teperry01,73
tepesni01,76
terdojo01,74
texeika01,74
thameer01,72
thayeda01,72
dygesje01,75
thielca01,72
tholejo01,73
thomacl02,71
thomaia01,76
thomaju01,75
thompaa01,75
thompda02,72
thompja03,76
thompta01,76
thomptr01,75
thornty01,71
tillmch01,77
tilsoch01,72
timpncl01,74
toccica01,74
toddje01,71
tolbema01,72
tolesan01,69
tollesh01,73
tollest01,71
tollias01,72
tomasya01,74
tomlijo01,73
tomlike01,74
tonkimi01,79
toregwy01,71
torreal01,70
torreca01,73
torreei01,68
torregl01,73
torrejo02,74
torrelu01,72
torrera01,71
torrero01,68
tosonre01,72
toussto01,75
tovarwi01,67
tracyma01,75
trahabl01,69
travide01,69
travisa01,72
treinbl01,77
trevijo01,71
triggan01,76
triunca01,71
trivilo01,77
troncra01,74
tropeni01,76
troutmi01,74
trumbma01,76
tsengje01,73
tuckeky01,76
tuckepr01,72
tuckery01,73
tuiasma01,74
tuivasa01,75
tupmama01,71
turleni01,76
turnbsp01,75
turneja01,77
turneju01,71
turnest01,74
turnetr01,74
ueharko01,74
underdu01,74
urenajo01,74
urenari01,72
uriasju01,72
uriaslu01,69
urruthe01,77
urshegi01,72
valaich01,71
valaipa01,71
valbulu01,70
valdece01,74
valdefr01,71
valdejo01,76
valdejo02,72
valdejo03,71
valdelu01,74
valdera02,71
valenda01,74
valenje01,69
valerbr01,71
vanevjo01,73
vanslsc01,76
vargace01,74
vargail01,72
vargake01,77
varvaan01,72
vasquan01,72
vasquan02,78
vasques01,73
vastoje01,74
vazquch01,69
vealdo01,76
velasvi01,75
velazan01,68
velazgi01,74
velazhe01,72
venabwi01,75
ventejo01,75
ventuyo01,72
verdual01,72
verdury01,72
verhadr01,78
verrelo01,74
vicieda01,71
vieirth01,74
vielmen01,71
villabr02,72
villach01,71
villael01,74
villajo01,73
villape01,73
vilorme01,71
vinceni01,72
vinceza01,72
violape01,73
vittejo01,74
vizcaar01,72
vogelda01,72
vogtst01,72
voitlu01,75
volstch01,80
vothau01,74
wachami01,78
wadats01,71
waddeja01,74
wadeco01,74
wadety01,73
wagnene01,72
wagnety01,75
wahlbo01,74
waldejo01,77
waldema01,72
waldimi01,75
waldrky02,74
walkech02,72
walkene01,75
walketa01,76
wallabr01,74
wallach01,75
walljo02,78
walshco02,73
waltepj01,76
walteza01,74
wangwe01,73
wardta01,73
warread01,73
washida01,77
washiri01,69
waterch01,72
watkilo01,71
watsoto01,75
weavelu01,74
webbda01,75
webbry01,78
webbty01,77
weberry01,73
weberth01,74
webstal01,74
weeksje01,69
weinhro01,74
weissza01,75
welkedu01,79
wellsca01,74
wellsja02,76
wellsra01,77
wendejb01,73
wendljo01,73
wernean01,74
westma03,73
westse01,80
whalero01,74
wheelja01,78
wheelry01,75
wheelza01,76
wheelze01,70
whelake01,71
whislwe01,77
whiteal01,75
whitejo03,75
whitety01,71
whitlch01,76
wickro01,75
wieckbr01,81
wielajo01,74
wietema01,77
wilheto01,78
wilkad01,74
wilkeaa01,75
wilkest01,73
wilkian01,73
williau01,75
willija01,70
williju02,74
willima10,73
willima11,76
willini01,75
willita01,71
willitr01,75
wilsoal01,72
wilsobo02,72
wilsobr02,73
wilsoju10,74
wilsomi02,74
wilsoty01,74
wimmeal01,74
wingetr01,79
winkeje01,75
winklda01,75
wisdopa01,74
wislema01,75
withrch01,75
wittgni01,74
wojcias01,76
wolteto01,70
wongko01,69
woodal02,76
woodbl01,77
woodhu01,73
woodrbr01,76
woodti01,72
woodtr01,71
wootero01,73
workmbr01,77
worleva01,74
worrema01,73
worthda01,73
wrighda04,74
wrighky01,76
wrighmi01,78
wrighst01,74
wrighwe01,70
wynnsau01,74
yabutya01,74
yacabji01,75
yarbrry01,77
yateski01,70
yelicch01,75
ynoaga01,74
ynoami01,79
ynoara01,72
younger03,70
youngma03,75
zagunma01,72
zamorda01,75
zastrro01,75
zavadcl01,73
zawadla01,71
zeidjo01,76
zieglbr01,76
zimmebr01,77
zimmejo02,74
zinkch01,73
zuninmi01,74
zychto01,75
brennbr01,76
neshepa01,75
dowdyky01,73
kenneia01,72
lestejo01,76
verlaju01,77
soriajo01,75
birdky01,74
dukeza01,74
perezol01,75
anderni01,77
greinza01,74
millean01,79
rodnefe01,71
garrere01,74
bergetr01,73
kikucyu01,72
alberma01,73
martiru01,70
volqued01,72
margeni01,77
ellisch01,77
harpery01,75
zimmeky01,75
luciael01,75
hamelco01,76
paddach01,76
happja01,77
thorntr01,72
duplajo01,76
liriafr01,75
kellyme01,74
hernafe02,75
wainwad01,79
vargaja01,72
petityu01,73
wothema01,74
baileho02,76
sanchan01,72
lovelri01,72
santaer01,74
harvejo01,74
swanser01,75
avilape01,71
alanirj01,76
reyesge01,71
buchhcl01,75
sabatc,78
webbja01,73
helslry01,73
martibr01,76
clarkta01,76
moralke01,73
klinebr01,75
lakintr01,73
huangwe01,73
hernada02,74
quijajo01,71
mathije01,72
ramsema01,71
hearnta01,77
mooredy01,72
clippty01,75
blevije01,78
hillri01,77
cannigr01,74
quantca01,75
garcied01,73
jimened01,74
durapmo01,71
ramirni01,75
sotogr01,73
irvinco01,76
martico02,74
markepa01,77
jacksed01,74
andersh01,76
hartlge01,77
feierry01,75
mckayda02,75
walshja01,72
bourqja01,76
coonrsa01,74
wagueja01,78
plesaza01,75
smeltde01,75
taylojo02,77
cabrege01,74
tinocje01,76
francty01,72
suarejo01,70
lambepe01,74
shawami01,74
valdeph01,74
eadesry01,74
scottta02,75
palumjo01,73
pocheco01,75
diehlph01,74
romanjo03,76
yamamjo01,72
kellemi03,74
armenro01,73
agrazda01,74
ynoahu01,75
allenlo01,75
poppese01,75
nogosst01,74
sborzjo01,75
alzolad01,72
galleza01,74
civalaa01,74
stjohlo01,75
gonsoto01,75
sneedcy01,76
youngal01,74
detwiro01,77
mazzach01,76
mckaybr01,74
thorple01,73
eshelto01,75
kelletr01,74
urquijo01,72
ceasedy01,74
alexaty01,74
payanpe01,74
hergeji01,75
gibauia01,75
munozan01,74
escoblu01,73
smithjo05,74
reynoma01,74
menezco01,75
morejad01,72
stashco01,74
baezmi01,80
staumjo01,75
walkeje02,77
rodrijo07,74
