id,institution
26172,A&M-Corpus Christi
2,Abilene Christian
30123,Academy of Art
929,Adams St.
3,Adelphi
4,Adrian
11324,Agnes Scott
721,Air Force
5,Akron
506337,Akron-Wayne
8,Alabama
6,Alabama A&M
10,Alabama Huntsville
7,Alabama St.
11,Alas. Anchorage
12,Alas. Fairbanks
14,Albany (NY)
500075,Albany Pharmacy
13,Albany St. (GA)
506450,Alberta (CAN)
2798,Albertus Magnus
15,Albion
16,Albright
17,Alcorn
934,Alderson Broaddus
18,Alfred
30170,Alfred St.
506430,Algoma (CAN)
500112,Alice Lloyd
19,Allegheny
500120,Allen
21,Alma
938,Alvernia
28746,Alverno
23,American
506413,American (PR)
22,American Int'l
24,Amherst
506365,Ana G. Méndez (PR)
939,Anderson (IN)
13028,Anderson (SC)
506268,Andrews
25,Angelo St.
26,Anna Maria
506476,Antelope Valley
500174,Appalachian Bible
27,Appalachian St.
506125,Apprentice
500180,Aquinas
966,Arcadia
29,Arizona
500187,Arizona Bible
504994,Arizona Christian
28,Arizona St.
30105,Ark.-Fort Smith
8411,Ark.-Monticello
2678,Ark.-Pine Bluff
31,Arkansas
30,Arkansas St.
947,Arkansas Tech
500232,Arlington Baptist
725,Army West Point
506029,Asbury
35,Ashland
36,Assumption
37,Auburn
38,Augsburg
39,Augusta
40,Augustana (IL)
41,Augustana (SD)
30093,AUM
42,Aurora
953,Austin
43,Austin Peay
506346,Ave Maria
44,Averett
500322,Avila
30146,Azusa Pacific
506452,B.C.-Okanagan (CAN)
45,Babson
506174,Bacone
506059,Baker
46,Baldwin Wallace
47,Ball St.
500365,Baptist Bible (MO)
500381,Barclay
962,Bard
49,Barry
15646,Barton
58,Baruch
50,Bates
26520,Bay Path
51,Baylor
26107,Becker
30197,Belhaven
52,Bellarmine
500415,Bellevue
14927,Belmont
2683,Belmont Abbey
53,Beloit
54,Bemidji St.
55,Benedict
296,Benedictine (IL)
506015,Benedictine (KS)
506498,Benedictine Mesa
506374,Benedictine-Sprngfld
56,Bentley
30171,Berea
506167,Berkeley (NJ)
506384,Berkeley (NY)
973,Berry
506014,Bethany (KS)
59,Bethany (WV)
30038,Bethany Lutheran
500485,Bethel (IN)
506120,Bethel (KS)
60,Bethel (MN)
500500,Bethel (TN)
506379,Bethesda (CA)
61,Bethune-Cookman
62,Binghamton
30220,Biola
28593,Birmingham-So.
30134,Black Hills St.
64,Blackburn
984,Bloomfield
65,Bloomsburg
500551,Blue Mountain (MS)
500552,Bluefield Col.
985,Bluefield St.
987,Bluffton
30232,Bob Jones
66,Boise St.
67,Boston College
68,Boston U.
69,Bowdoin
70,Bowie St.
71,Bowling Green
506316,Boyce
72,Bradley
73,Brandeis
506451,Brandon (CAN)
506178,Brenau
500610,Brescia
30094,Brevard
500612,Brewton-Parker
500615,Briar Cliff (IA)
74,Bridgeport
75,Bridgewater (VA)
76,Bridgewater St.
506366,Briercrest (CAN)
506196,British Colum. (CAN)
506438,Brock (CAN)
78,Brockport
79,Brooklyn
80,Brown
506538,Bry. & Strat. (Alb.)
506496,Bry. & Strat. (Buf.)
506542,Bry. & Strat. (Roc.)
506539,Bry. & Strat. (Syr.)
500660,Bryan
81,Bryant
30188,Bryn Athyn
82,Bryn Mawr
83,Bucknell
84,Buena Vista
86,Buffalo
85,Buffalo St.
87,Butler
77,BYU
88,Cabrini
1305,Cairn
105,Cal Lutheran
500745,Cal Maritime
90,Cal Poly
91,Cal Poly Pomona
92,Cal St. Dom. Hills
98,Cal St. East Bay
97,Cal St. Fullerton
30055,Cal St. Monterey Bay
93,Cal St. San B'dino
30198,Cal St. San Marcos
100,Cal State LA
106,Cal U (PA)
995,Caldwell
506453,Calgary (CAN)
107,California
30135,California Baptist
89,Caltech
506194,Calumet Col.
500768,Calvary
114,Calvin
996,Cameron
506461,Camosun (CAN)
506534,Camp. Harrodsburg
506535,Camp. Somerset
115,Campbell
500785,Campbellsville
506490,Canadian Mennonite
116,Canisius
506409,Capilano (CAN)
117,Capital
506030,Cardinal Stritch
118,Carleton
500802,Carlow
119,Carnegie Mellon
506056,Carroll (MT)
120,Carroll (WI)
1000,Carson-Newman
121,Carthage
506006,Carver
123,Castleton
1001,Catawba
124,Catholic
500855,Catholic (PR)
23624,Cazenovia
480,CCNY
14795,Cedar Crest
30124,Cedarville
506327,Cent. Christian (KS)
500879,Cent. Christian Bib.
125,Centenary (LA)
12884,Centenary (NJ)
126,Central (IA)
1004,Central Ark.
506117,Central Baptist
500402,Central Bayamon
127,Central Conn. St.
506026,Central Methodist
129,Central Mich.
130,Central Mo.
1009,Central Okla.
506372,Central Penn
30049,Central St. (OH)
1010,Central Wash.
132,Centre
1012,Chadron St.
133,Chaminade
506304,Champion Chris.
134,Chapman
1013,Charleston (WV)
48,Charleston So.
458,Charlotte
10972,Chatham
693,Chattanooga
21323,Chestnut Hill
506537,Cheyney
137,Chicago
136,Chicago St.
95,Chico St.
8875,Chowan
139,Chris. Newport
500958,Christendom
1015,Christian Brothers
140,Cincinnati
500975,Cincinnati Christian
30058,Claflin
142,Claremont-M-S
143,Clarion
145,Clark (MA)
144,Clark Atlanta
506382,Clarke
958,Clarks Summit
146,Clarkson
20576,Clayton St.
506322,Cleary
147,Clemson
148,Cleveland St.
451,CMSV
722,Coast Guard
149,Coastal Caro.
149,Coastal Carolina
502747,Coastal Ga.
30083,Cobleskill St.
150,Coe
1023,Coker
1014,Col. of Charleston
500088,Col. of Idaho
151,Colby
152,Colby-Sawyer
153,Colgate
11403,Colo. Christian
155,Colo. Sch. of Mines
157,Colorado
154,Colorado Col.
11416,Colorado Mesa
156,Colorado St.
2720,Colorado St.-Pueblo
158,Columbia
501097,Columbia (MO)
501098,Columbia (SC)
506287,Columbia Bible (CAN)
506478,Columbia Int'l
159,Columbus St.
1028,Concord
506112,Concordia (AL)
30199,Concordia (CA)
501123,Concordia (MI)
506061,Concordia (NE)
162,Concordia (NY)
24400,Concordia (TX)
160,Concordia Chicago
30200,Concordia Portland
1036,Concordia Wisconsin
161,Concordia-M'head
506358,Concordia-Montreal
9081,Concordia-St. Paul
163,Connecticut Col.
8935,Converse
501167,Cooper Union
165,Coppin St.
505690,Corban
167,Cornell
166,Cornell College
501182,Cornerstone
506533,Cottey
30111,Covenant
169,Creighton
506350,Crowley's Ridge
30035,Crown (MN)
94,CSU Bakersfield
101,CSUN
506352,Culinary Institute
506032,Culver-Stockton
501207,Cumberland (TN)
506101,Cumberlands (KY)
170,Curry
122,CWRU
30174,Daemen
506066,Dakota St.
506033,Dakota Wesleyan
1044,Dallas
501242,Dallas Christian
506472,Dalton St.
172,Dartmouth
30221,Davenport
173,Davidson
504197,Davis
174,Davis & Elkins
506376,Dayspring Bible
175,Dayton
1045,DBU
30219,Dean
1050,Defiance
180,Delaware
178,Delaware St.
179,Delaware Valley
181,Delta St.
182,Denison
183,Denver
176,DePaul
177,DePauw
20,DeSales
184,Detroit Mercy
185,Dickinson
506123,Dickinson St.
501365,Dillard
506505,Diné
186,Dist. Columbia
30095,Dixie St.
506020,Doane
30118,Dominican (CA)
1332,Dominican (IL)
8956,Dominican (NY)
501390,Dordt
506462,Douglas (CAN)
189,Drake
190,Drew
191,Drexel
1057,Drury
192,Dubuque
193,Duke
194,Duquesne
1059,D'Youville
195,Earlham
196,East Carolina
8965,East Central
197,East Stroudsburg
1062,East Tex. Baptist
203,East. Mennonite
8968,Eastern
200,Eastern Conn. St.
201,Eastern Ill.
202,Eastern Ky.
204,Eastern Mich.
206,Eastern N.M.
1064,Eastern Nazarene
506406,Eastern Ore.
207,Eastern Wash.
506193,East-West U.
506323,Ecclesia
208,Eckerd
1066,Edgewood
209,Edinboro
501555,Edward Waters
210,Elizabeth City St.
211,Elizabethtown
212,Elmhurst
213,Elmira
532,Elms
1068,Elon
506341,Embry-Riddle (AZ)
9680,Embry-Riddle (FL)
214,Emerson
30193,Emmanuel (GA)
215,Emmanuel (MA)
506096,Emmaus
217,Emory
216,Emory & Henry
1071,Emporia St.
8981,Endicott
1072,Erskine
198,ETSU
218,Eureka
506080,Evangel
219,Evansville
506184,Evergreen St.
220,Fairfield
222,Fairleigh Dickinson
1076,Fairmont St.
501657,Faith Bapt. Bible
506541,Fanshawe (CAN)
27892,Farmingdale St.
501659,Faulkner
223,Fayetteville St.
221,FDU-Florham
23157,Felician
224,Ferris St.
225,Ferrum
28755,FGCU
1079,Findlay
30032,Finlandia
501678,Fisher
506381,Fisk
227,Fitchburg St.
231,FIU
506170,Five Towns
229,Fla. Atlantic
501725,Fla. Memorial
506479,Fla. National
233,Fla. Southern
30092,Flagler
235,Florida
228,Florida A&M
506300,Florida Col.
234,Florida St.
230,Florida Tech
11538,Fontbonne
236,Fordham
9011,Fort Hays St.
1083,Fort Lewis
237,Fort Valley St.
238,Framingham St.
1085,Francis Marion
30069,Franciscan
2694,Franklin
239,Franklin & Marshall
241,Franklin Pierce
506454,Fraser Valley (CAN)
242,Fredonia
501810,Freed-Hardeman
30147,Fresno Pacific
96,Fresno St.
501826,Friends
243,Frostburg St.
244,Furman
253,Ga. Southern
1097,Ga. Southwestern
245,Gallaudet
246,Gannon
1092,Gardner-Webb
30084,Geneva
1094,George Fox
248,George Mason
249,George Washington
251,Georgetown
506003,Georgetown (KY)
257,Georgia
1096,Georgia College
506449,Georgia Gwinnett
254,Georgia St.
255,Georgia Tech
9004,Georgian Court
258,Gettysburg
1098,Glenville St.
8366,Goldey-Beacom
260,Gonzaga
1099,Gordon
501955,Goshen
1467,Goucher
506495,Governors St.
501960,Grace (IN)
501962,Grace (NE)
501961,Grace Christian (MI)
506062,Graceland (IA)
261,Grambling
1104,Grand Canyon
262,Grand Valley St.
501982,Grand View
501987,Great Lake Christian
794,Green Bay
506531,Green Mountain
263,Greensboro
1111,Greenville
264,Grinnell
265,Grove City
506437,Guelph (CAN)
1112,Guilford
266,Gust. Adolphus
12399,Gwynedd Mercy
267,Hamilton
268,Hamline
269,Hampden-Sydney
506036,Hampshire
270,Hampton
502043,Hannibal-La Grange
1115,Hanover
1116,Harding
271,Hardin-Simmons
502060,Harris-Stowe
272,Hartford
273,Hartwick
275,Harvard
506153,Haskell
506007,Hastings
276,Haverford
277,Hawaii
2697,Hawaii Hilo
2696,Hawaii Pacific
278,Heidelberg
1123,Henderson St.
1124,Hendrix
19651,High Point
8398,Hilbert
280,Hillsdale
281,Hiram
506367,Hiwassee
282,Hobart
283,Hofstra
284,Hollins
285,Holy Cross
506345,Holy Cross (IN)
504805,Holy Fam. Col. (WI)
1126,Holy Family
30175,Holy Names
8404,Hood
286,Hope
504017,Hope Int'l
30160,Houghton
288,Houston
287,Houston Baptist
506338,Houston-Victoria
290,Howard
2741,Howard Payne
506492,Humber (CAN)
291,Humboldt St.
292,Hunter
1130,Huntingdon
502195,Huntington
1133,Husson
502215,Huston-Tillotson
295,Idaho
294,Idaho St.
30172,IIT
30050,Ill. Springfield
300,Ill. Wesleyan
301,Illinois
297,Illinois Col.
299,Illinois St.
303,Immaculata
502332,Ind. Wesleyan
502288,Ind.-East
502278,Ind.-Kokomo
502290,Ind.-Northwest
502302,Ind.-South Bend
502300,Ind.-Southeast
306,Indiana
307,Indiana (PA)
305,Indiana St.
502330,Indiana Tech
502335,Int. Am.-San German
310,Iona
312,Iowa
311,Iowa St.
30173,Iowa Wesleyan
313,Ithaca
2699,IUPUI
314,Jackson St.
316,Jacksonville
315,Jacksonville St.
317,James Madison
506057,Jamestown
506004,Jarvis Christian
543,Jefferson
502395,John Brown
320,John Carroll
321,John Jay
506488,John Wesley
322,Johns Hopkins
501712,Johnson (FL)
502420,Johnson (TN)
323,Johnson C. Smith
502441,Judson (AL)
502440,Judson (IL)
325,Juniata
506375,JWU (Charlotte)
30046,JWU (Denver)
506232,JWU (North Miami)
22626,JWU (Providence)
326,Kalamazoo
506103,Kan. Wesleyan
328,Kansas
506254,Kansas Christian
2707,Kansas City
327,Kansas St.
329,Kean
330,Keene St.
506200,Keiser
1157,Kennesaw St.
331,Kent St.
506423,Kent St.-Tuscarawas
334,Kentucky
332,Kentucky St.
335,Kenyon
1159,Keuka
30047,Keystone
30051,King (TN)
502530,King's (NY)
336,King's (PA)
506500,King's U. (CAN)
337,Knox
339,Kutztown
506435,Kwantlen Tech (CAN)
502500,Ky. Christian
333,Ky. Wesleyan
1163,La Roche
340,La Salle
502567,La Sierra
341,La Verne
498,La.-Monroe
342,Lafayette
1162,LaGrange
2746,Lake Erie
344,Lake Forest
345,Lake Superior St.
506152,Lakehead (CAN)
1164,Lakeland
346,Lamar University
506477,Lambton (CAN)
30085,Lancaster Bible
1167,Lander
506491,Landmark Col.
347,Lane
506507,Langara (CAN)
506054,Langston
8486,Lasell
348,Lawrence
506404,Lawrence Tech
349,Le Moyne
351,Lebanon Valley
30013,Lee
13302,Lees-McRae
352,Lehigh
279,Lehman
350,LeMoyne-Owen
1170,Lenoir-Rhyne
24317,Lesley
506429,Lethbridge (CAN)
8490,LeTourneau
354,Lewis
22235,Lewis & Clark
506318,Lewis-Clark St.
355,Liberty
502694,Life (GA)
502695,LIFE Pacific
1174,Limestone
506532,Lincoln (IL)
356,Lincoln (MO)
357,Lincoln (PA)
502715,Lincoln Christian
1176,Lincoln Memorial
506373,Lindenwood (IL)
30136,Lindenwood (MO)
502727,Lindsey Wilson
1179,Linfield
28600,Lipscomb
32,Little Rock
361,LIU Brooklyn
361,LIU
359,Livingstone
370,LMU (CA)
370,Loyola Marymount
360,Lock Haven
99,Long Beach St.
363,Longwood
364,Loras
671,Louisiana
1182,Louisiana Col.
366,Louisiana Tech
367,Louisville
506385,Lourdes
502812,Loyola (LA)
371,Loyola Chicago
369,Loyola Maryland
365,LSU
506339,LSU-Alexandria
502787,LSU-Shreveport
30177,Lubbock Christian
372,Luther
373,Lycoming
374,Lynchburg
20794,Lynn
506408,Lyon
376,Macalester
377,MacMurray
502867,Madonna
380,Maine
378,Maine Maritime
30137,Malone
1192,Manchester
381,Manhattan
502922,Manhattan Chrst.
382,Manhattanville
506363,Manitoba (CAN)
384,Mansfield
1194,Maranatha Baptist
502945,Marian (IN)
1196,Marian (WI)
385,Marietta
386,Marist
387,Marquette
1199,Mars Hill
388,Marshall
8597,Martin Luther
502981,Martin Methodist
30075,Mary
389,Mary Baldwin
1203,Mary Hardin-Baylor
390,Mary Washington
505182,Marycrest Int'l
392,Maryland
506383,Marymount (CA)
394,Marymount (VA)
395,Maryville (MO)
396,Maryville (TN)
397,Marywood
399,Mass. Maritime
400,Massachusetts
503033,Master's
502225,Mayville St.
773,McDaniel
503037,McGill (CAN)
30138,McKendree
486,MCLA
506510,McMaster (CAN)
8530,McMurry
402,McNeese
506039,McPherson
502877,Me.-Augusta
379,Me.-Farmington
502885,Me.-Fort Kent
502890,Me.-Machias
30040,Me.-Presque Isle
23725,Medaille
403,Medgar Evers
404,Memphis
506392,Menlo
406,Mercer
724,Merchant Marine
407,Mercy
408,Mercyhurst
409,Meredith
410,Merrimack
411,Messiah
412,Methodist
415,Miami (FL)
414,Miami (OH)
506146,Miami-Hamilton
503122,Miami-Middletown
503130,Mich.-Dearborn
418,Michigan
416,Michigan St.
417,Michigan Tech
503153,Mid-Amer. Christian
506041,MidAmerica Naz.
506199,Mid-Atlantic Christ.
506486,Middle Ga. St.
419,Middle Tenn.
420,Middlebury
506060,Midland
503175,Midway
1222,Midwestern St.
422,Miles
423,Millersville
503195,Milligan
424,Millikin
425,Mills
426,Millsaps
797,Milwaukee
427,Minn. Duluth
27854,Minn.-Crookston
1226,Minn.-Morris
428,Minnesota
383,Minnesota St.
30125,Minot St.
16142,Misericordia
429,Mississippi Col.
430,Mississippi St.
432,Mississippi Val.
434,Missouri
435,Missouri S&T
669,Missouri St.
506068,Missouri Valley
9013,Missouri Western
398,MIT
30042,Mitchell
503262,Mo. Baptist
9012,Mo. Southern St.
436,Mo.-St. Louis
503297,Mobile
506431,Mohawk (CAN)
437,Molloy
439,Monmouth
438,Monmouth (IL)
205,Mont. St. Billings
503735,Mont. St.-Northern
441,Montana
440,Montana St.
506022,Montana Tech
506024,Montana Western
442,Montclair St.
1238,Montevallo
503331,Montreat
503332,Moody Bible
443,Moravian
444,Morehead St.
445,Morehouse
446,Morgan St.
506400,Morningside
503365,Morris
30067,Morrisville St.
30036,Mount Aloysius
449,Mount Holyoke
30033,Mount Mary
1245,Mount Olive
450,Mount St. Mary's
452,Mount Union
20220,MSOE
413,MSU Denver
1240,MSU Moorhead
503374,Mt. Marty
503377,Mt. Mercy
506455,Mt. Royal (CAN)
8567,Mt. St. Joseph
1468,Mt. St. Mary (NY)
503405,Mt. Vernon Naz.
453,Muhlenberg
503415,Multnomah
454,Murray St.
455,Muskingum
431,MUW
488,N.C. A&T
489,N.C. Central
491,N.C. Wesleyan
8577,N.M. Highlands
726,Navy
461,Nazareth
490,NC State
503447,Neb. Christian
462,Neb. Wesleyan
1156,Neb.-Kearney
463,Nebraska
1254,Neumann
466,Nevada
467,New England Col.
469,New Hampshire
470,New Haven
501620,New Hope Christian
319,New Jersey City
473,New Mexico
472,New Mexico St.
474,New Orleans
506480,New School
477,New York Tech
1257,Newberry
30054,Newman
482,Niagara
483,Nicholls St.
484,Nichols
471,NJIT
485,Norfolk St.
487,North Ala.
457,North Carolina
492,North Central (IL)
30039,North Central (MN)
494,North Dakota
493,North Dakota St.
2711,North Florida
30052,North Georgia
9223,North Greenville
496,North Park
497,North Texas
500,Northeastern
12810,Northeastern St.
501,Northern Ariz.
506456,Northern B.C. (CAN)
502,Northern Colo.
503,Northern Ill.
505,Northern Ky.
506,Northern Mich.
506343,Northern N.M.
1266,Northern St.
1267,Northland
503796,Northwest (WA)
503780,Northwest Chrst.
506481,Northwest Indian
507,Northwest Mo. St.
1274,Northwest Nazarene
509,Northwestern
506072,Northwestern (IA)
506330,Northwestern Ohio
30178,Northwestern Okla.
508,Northwestern St.
30031,Northwestern-St. Paul
510,Northwood
511,Norwich
513,Notre Dame
8600,Notre Dame (MD)
30126,Notre Dame (OH)
30056,Notre Dame de Namur
24639,Nova Southeastern
324,NVU-Johnson
30065,NVU-Lyndon
1277,Nyack
479,NYU
506501,Oak Hills Christian
514,Oakland
1278,Oakland City
506086,Oakwood
515,Oberlin
516,Occidental
506463,Oglala Lakota
2713,Oglethorpe
519,Ohio
506333,Ohio Christian
30119,Ohio Dominican
517,Ohio Northern
518,Ohio St.
506088,Ohio St. Lima
506336,Ohio St.-Mansfield
15207,Ohio Valley
520,Ohio Wesleyan
503863,Ohio-Chillicothe
503865,Ohio-Eastern
506281,Ohio-Lancaster
506233,Ohio-Zanesville
30202,Okla. Baptist
30179,Okla. Christian
506515,Okla. Panhandle
506189,Okla. Wesleyan
522,Oklahoma
503905,Oklahoma City
521,Oklahoma St.
523,Old Dominion
524,Old Westbury
433,Ole Miss
525,Olivet
506045,Olivet Nazarene
464,Omaha
527,Oral Roberts
529,Oregon
528,Oregon St.
500078,Oregon Tech
530,Oswego St.
506513,Ottawa (AZ)
506046,Ottawa (KS)
531,Otterbein
1289,Ouachita Baptist
503987,Our Lady of the Lake
503990,Ozark Christian
23008,Ozarks (AR)
504000,Ozarks (MO)
504226,P.R.-Arecibo
2682,P.R.-Bayamon
506503,P.R.-Carolina
506419,P.R.-Cayey
506420,P.R.-Humacao
24361,P.R.-Mayaguez
504231,P.R.-Ponce
2716,P.R.-Rio Piedras
533,Pace
534,Pacific
2751,Pacific (OR)
1297,Pacific Lutheran
506090,Pacific Union
535,Paine
30045,Palm Beach Atl.
506544,Park (AZ)
504050,Park (MO)
504055,Paul Quinn
506239,Paul Smiths
540,Penn
30190,Penn College
539,Penn St.
30081,Penn St. Harrisburg
30114,Penn St.-Abington
25719,Penn St.-Altoona
506277,Penn St.-Beaver
538,Penn St.-Behrend
30044,Penn St.-Berks
504077,Penn St.-Brandywine
506280,Penn St.-Du Bois
506278,Penn St.-Fayette
506297,Penn St.-Hazleton
506298,Penn St.-Lehigh Val.
506331,Penn St.-Mont Alto
506264,Penn St.-New Kens.
506302,Penn St.-Schuylkill
506324,Penn St.-Scranton
506540,Penn St.-Shenango
506326,Penn St.-York
506261,Penn St-Gr Allegheny
506332,Penn St-Wilkes Barre
506370,Penn St-Worthington
504062,Pensacola Christian
541,Pepperdine
506008,Peru St.
542,Pfeiffer
504115,Philander Smith
21830,Piedmont
504130,Piedmont Int'l
504135,Pikeville
544,Pine Manor
1315,Pitt.-Bradford
11839,Pitt.-Greensburg
546,Pitt.-Johnstown
1314,Pittsburg St.
545,Pittsburgh
547,Plattsburgh St.
548,Plymouth St.
30149,Point Loma
504175,Point Park
500270,Point U.
506464,Polytechnic (P.R.)
549,Pomona-Pitzer
551,Portland
504187,Portland Bible
550,Portland St.
1318,Post
553,Prairie View
2715,Pratt
1320,Presbyterian
504212,Presentation
554,Princeton
555,Principia
556,Providence
506169,Providence (MT)
506493,Providence Christian
506307,Providence-Manitoba
557,Puget Sound
30029,Purchase
559,Purdue
308,Purdue Fort Wayne
30222,Purdue Northwest
504260,Purdue-North Cent.
11504,Queens (NC)
560,Queens (NY)
506387,Quest (CAN)
561,Quincy
562,Quinnipiac
563,Radford
564,Ramapo
502132,Randall
566,Randolph
565,Randolph-Macon
567,Redlands
506514,Regent
506457,Regina (CAN)
568,Regis (CO)
569,Regis (MA)
506141,Reinhardt
570,Rensselaer
572,Rhode Island
571,Rhode Island Col.
573,Rhodes
574,Rice
575,Richmond
576,Rider
504350,Rio Grande
577,Ripon
580,RIT
18422,Rivier
578,Roanoke
579,Robert Morris
504364,Robert Morris (IL)
506377,Robert Morris-Peoria
506279,Robert Morris-S'fiel
30150,Roberts Wesleyan
581,Rochester (NY)
503129,Rochester College
582,Rockford
1328,Rockhurst
506025,Rocky Mountain
583,Roger Williams
30180,Rogers St.
584,Rollins
504410,Roosevelt
585,Rose-Hulman
15882,Rosemont
259,Rowan
506512,Rust
587,Rutgers
588,Rutgers-Camden
589,Rutgers-Newark
506432,Ryerson (CAN)
11276,S.C. Aiken
506353,S.C. Beaufort
102,Sacramento St.
590,Sacred Heart
504446,Sacred Heart (PR)
11036,Sage Colleges
591,Saginaw Valley
500153,SAGU American Indian
594,Saint Augustine's
595,Saint Benedict
600,Saint Francis (PA)
602,Saint John's (MN)
606,Saint Joseph's
608,Saint Leo
609,Saint Louis
1343,Saint Martin's
610,Saint Mary's (CA)
612,Saint Mary's (MN)
613,Saint Michael's
617,Saint Peter's
1347,Saint Rose
30064,Saint Vincent
506499,SAIT Poly (CAN)
30041,Salem (NC)
19117,Salem (WV)
621,Salem St.
622,Salisbury
623,Salve Regina
624,Sam Houston St.
625,Samford
627,San Diego
502122,San Diego Christian
626,San Diego St.
628,San Fran. St.
629,San Francisco
630,San Jose St.
631,Santa Clara
30163,Sarah Lawrence
506458,Saskatchewan (CAN)
632,Savannah St.
506483,SCAD Atlanta
506402,SCAD Savannah
1355,Schreiner
506082,Science & Arts Okla.
633,Scranton
634,Seattle Pacific
1356,Seattle U
635,Seton Hall
30063,Seton Hill
652,Sewanee
676,SFA
636,Shaw
504767,Shawnee St.
637,Shenandoah
10870,Shepherd
506509,Shepherd (CA)
506099,Sheridan (CAN)
638,Shippensburg
30151,Shorter
639,Siena
504800,Siena Heights
506497,Sierra Nevada
640,Simmons
506511,Simmons (KY)
30127,Simon Fraser
641,Simpson
504809,Simpson (CA)
30128,Sioux Falls
660,SIUE
642,Skidmore
643,Slippery Rock
644,Smith
663,SMU
506364,Soka
645,Sonoma St.
646,South Alabama
648,South Carolina
647,South Carolina St.
650,South Dakota
30139,South Dakota Mines
649,South Dakota St.
651,South Fla.
654,Southeast Mo. St.
506151,Southeastern (FL)
504906,Southeastern Bapt.
655,Southeastern La.
1371,Southeastern Okla.
1376,Southern Ark.
657,Southern California
658,Southern Conn. St.
659,Southern Ill.
661,Southern Ind.
662,Southern Me.
664,Southern Miss.
468,Southern N.H.
30152,Southern Nazarene
506027,Southern Ore.
665,Southern U.
667,Southern Utah
30164,Southern Va.
30192,Southern Wesleyan
504980,Southern-N.O.
506012,Southwest (NM)
2755,Southwest Baptist
8736,Southwest Minn. St.
506063,Southwestern (KS)
8746,Southwestern (TX)
506285,Southwestern Christ.
8744,Southwestern Okla.
23260,Spalding
505040,Spring Arbor
30191,Spring Hill
673,Springfield
506002,St. Ambrose
506422,St. Andrews
593,St. Anselm
596,St. Bonaventure
597,St. Catherine
598,St. Cloud St.
1334,St. Edward's
9684,St. Elizabeth
506180,St. Francis (IL)
504500,St. Francis (IN)
599,St. Francis Brooklyn
601,St. John Fisher
603,St. John's (NY)
8687,St. Joseph (CT)
504563,St. Joseph (VT)
30072,St. Joseph's (Brkln)
1340,St. Joseph's (L.I.)
605,St. Joseph's (ME)
506468,St. Katherine
607,St. Lawrence
504578,St. Louis Pharmacy
506064,St. Mary (KS)
504607,St. Mary (NE)
8688,St. Mary's (IN)
611,St. Mary's (MD)
1346,St. Mary's (TX)
504592,St. Mary-Woods
614,St. Norbert
615,St. Olaf
618,St. Scholastica
506474,St. Thomas (CAN)
504653,St. Thomas (FL)
620,St. Thomas (MN)
2810,St. Thomas (TX)
1348,St. Thomas Aquinas
504660,St. Xavier
674,Stanford
103,Stanislaus St.
675,Staten Island
506407,Stephens College
506073,Sterling (KS)
678,Stetson
679,Stevens
21852,Stevenson
506508,Stillman
681,Stockton
682,Stonehill
683,Stony Brook
684,Suffolk
1390,Sul Ross St.
30165,SUNY Canton
168,SUNY Cortland
30225,SUNY Delhi
506380,SUNY ESF
247,SUNY Geneseo
478,SUNY Maritime
475,SUNY New Paltz
526,SUNY Oneonta
9500,SUNY Poly
552,SUNY Potsdam
685,Susquehanna
686,Swarthmore
687,Sweet Briar
505028,S'western Adventist
506149,S'western Assemblies
688,Syracuse
506050,Tabor
505160,Talladega
689,Tampa
1395,Tarleton St.
506071,Taylor (IN)
506394,TBA
712,TCNJ
698,TCU
690,Temple
505215,Tenn. Temple
505220,Tenn. Wesleyan
694,Tennessee
691,Tennessee St.
692,Tennessee Tech
30090,Tex. A&M Int'l
199,Tex. A&M-Commerce
696,Tex. A&M-Kingsville
506487,Tex. A&M-Texarkana
30088,Tex. Permian Basin
703,Texas
697,Texas A&M
505260,Texas Col.
1400,Texas Lutheran
699,Texas Southern
670,Texas St.
700,Texas Tech
506403,Texas Wesleyan
701,Texas Woman's
506321,Texas-Brownsville
23121,Texas-Dallas
30028,Texas-Tyler
141,The Citadel
707,Thiel
506315,Thomas (GA)
2758,Thomas (ME)
506543,Thomas More
506433,Thompson Rivers (CN)
1403,Tiffin
506224,To Be Announced
505303,Toccoa Falls
709,Toledo
506362,Toronto (CAN)
505310,Tougaloo
506502,Touro
711,Towson
28749,Transylvania
30002,Trevecca Nazarene
30037,Trine
713,Trinity (CT)
505352,Trinity (FL)
715,Trinity (TX)
505332,Trinity Baptist
505334,Trinity Bible (ND)
505350,Trinity Christian
506107,Trinity Int'l
23413,Trinity Washington
506459,Trinity Western (CN)
716,Troy
506361,Truett-McConnell
499,Truman
717,Tufts
718,Tulane
719,Tulsa
505378,Turabo
12830,Tusculum
720,Tuskegee
1255,U New England
9,UAB
506176,UC Clermont
108,UC Davis
109,UC Irvine
506371,UC Merced
111,UC Riverside
112,UC San Diego
104,UC Santa Barbara
113,UC Santa Cruz
9754,UC-Colo. Springs
128,UCF
110,UCLA
164,UConn
302,UIC
309,UIndy
2743,UIW
2743,Incarnate Word
401,UMass Boston
656,UMass Dartmouth
368,UMass Lowell
391,UMBC
393,UMES
456,UNC Asheville
459,UNC Greensboro
537,UNC Pembroke
460,UNCW
504,UNI
506105,Union (KY)
505398,Union (NE)
727,Union (NY)
30153,Union (TN)
505410,Unity
465,UNLV
728,Upper Iowa
30104,Urbana
730,Ursinus
30140,Ursuline
10411,USC Upstate
28594,USciences
702,UT Arlington
695,UT Martin
732,Utah
731,Utah St.
30024,Utah Valley
704,UTEP
733,Utica
536,UTRGV
706,UTSA
30181,UVa-Wise
801,UW-River Falls
745,Va. Wesleyan
734,Valdosta St.
506055,Valley City St.
30166,Valley Forge
735,Valparaiso
506434,Vancouver Island
736,Vanderbilt
504925,Vanguard
737,Vassar
506348,Vaughn
740,VCU
738,Vermont
505487,Vermont Tech
506436,Victoria (CAN)
505489,Villa Maria
739,Villanova
506190,Virgin Islands
746,Virginia
743,Virginia St.
742,Virginia Tech
744,Virginia Union
506391,Virginia-Lynchburg
505533,Viterbo
741,VMI
505535,Voorhees
747,Wabash
748,Wagner
749,Wake Forest
506242,Waldorf
506100,Walla Walla
30141,Walsh
505562,Warner
505560,Warner Pacific
505565,Warren Wilson
30236,Warren Wilson
750,Wartburg
751,Wash. & Jeff.
752,Wash. & Lee
2814,Washburn
756,Washington
506471,Washington Adventist
753,Washington Col.
754,Washington St.
755,WashU
506177,Waterloo (CAN)
505610,Wayland Baptist
757,Wayne St. (MI)
1433,Wayne St. (NE)
1434,Waynesburg
505630,Webb Inst.
505632,Webber Int'l
758,Weber St.
759,Webster
506469,Welch
760,Wellesley
761,Wells
762,Wentworth
506443,W'ernw Ontario (CAN)
763,Wesley
764,Wesleyan (CT)
14718,Wesleyan (GA)
358,West Ala.
765,West Chester
506319,West Coast Baptist
11740,West Florida
766,West Ga.
1438,West Liberty
767,West Tex. A&M
506393,West Va. Tech
9630,West Va. Wesleyan
768,West Virginia
1439,West Virginia St.
506536,Westcliff
769,Western Caro.
2759,Western Colo.
770,Western Conn. St.
771,Western Ill.
772,Western Ky.
774,Western Mich.
1445,Western N.M.
775,Western New Eng.
1446,Western Ore.
1448,Western Wash.
777,Westfield St.
1450,Westminster (MO)
1451,Westminster (PA)
30209,Westminster (UT)
505775,Westmont
778,Wheaton (IL)
779,Wheaton (MA)
12799,Wheeling
780,Whitman
781,Whittier
1454,Whitworth
782,Wichita St.
783,Widener
505825,Wilberforce
500077,Wiley
784,Wilkes
785,Willamette
786,William & Mary
505850,William Carey
506290,William Jessup
30120,William Jewell
17094,William Peace
506401,William Penn
30073,William Smith
506076,William Woods
789,Williams
505872,Williams Baptist
1460,Wilmington (DE)
1461,Wilmington (OH)
12973,Wilson
506389,Windsor (CAN)
1462,Wingate
506425,Winnipeg (CAN)
790,Winona St.
791,Winston-Salem
792,Winthrop
8911,Wis. Lutheran
793,Wis.-Eau Claire
795,Wis.-La Crosse
798,Wis.-Oshkosh
799,Wis.-Parkside
800,Wis.-Platteville
802,Wis.-Stevens Point
803,Wis.-Stout
804,Wis.-Superior
805,Wis.-Whitewater
796,Wisconsin
806,Wittenberg
787,Wm. Paterson
2915,Wofford
807,Wooster
809,Worcester St.
808,WPI
810,Wright St.
506325,Wright St.-Lake
811,Wyoming
812,Xavier
506000,Xavier (LA)
813,Yale
506504,Yellowstone Chris.
814,Yeshiva
506494,York (CAN)
500575,York (NE)
2730,York (NY)
815,York (PA)
30154,Young Harris
817,Youngstown St.
